minute,samples,cpu_mean_percent,cpu_peak_percent,available_min_mib,swap_end_mib
1,59,34.73017945894859,97.84946236559139,852.890625,428.08984375
2,59,46.05835034500081,100.0,779.94921875,426.83984375
3,59,35.670685465620764,100.0,810.296875,426.83984375
4,60,33.611390618962744,92.96482412060301,813.7734375,426.83984375
5,59,37.49462738153524,100.0,807.18359375,426.83984375
6,59,37.95143286262139,95.54455445544555,821.63671875,440.25
7,60,37.934325993299716,100.0,830.1640625,455.57421875
8,59,34.12140633226555,94.44444444444444,819.234375,457.87109375
9,60,32.60711843291363,82.41206030150754,817.671875,457.87109375
10,60,32.48743683949969,90.4040404040404,810.62109375,458.12109375
