name,cpu_mean_singlecore_percent,cpu_peak_5sec_singlecore_percent,working_start_mib,working_end_mib,working_peak_mib,anon_start_mib,anon_end_mib,memory_peak_mib,limit_mib,swap_end_mib,swap_delta_mib,memory_events_delta,throttled_usec_delta,restarts_start,restarts_end,health_end,all_healthy,identity_count
crypto-momentum-lab-market-data-1,13.93715355830282,30.90764798337347,251.74609375,247.58984375,253.5859375,231.42578125,231.33203125,254.078125,640.0,15.9453125,0.04296875,"{'low': 0, 'high': 0, 'max': 0, 'oom': 0, 'oom_kill': 0, 'oom_group_kill': 0}",0,0,0,healthy,True,1
crypto-momentum-lab-postgres-1,6.228389208016273,21.591146898190274,755.30078125,806.8203125,824.7421875,384.921875,401.6015625,1052.44921875,1280.0,65.37109375,4.4453125,"{'low': 0, 'high': 0, 'max': 0, 'oom': 0, 'oom_kill': 0, 'oom_group_kill': 0}",0,0,0,healthy,True,1
crypto-momentum-lab-live-strategy-1,6.018702795934706,43.876978890936144,218.890625,202.3046875,267.95703125,214.5703125,197.0,281.140625,512.0,29.234375,18.25,"{'low': 0, 'high': 0, 'max': 0, 'oom': 0, 'oom_kill': 0, 'oom_group_kill': 0}",0,0,0,healthy,True,1
crypto-momentum-lab-live-strategy-account-2-1,4.74209528807537,25.219074568115904,180.56640625,177.890625,180.56640625,176.63671875,174.5390625,180.578125,512.0,8.66796875,3.78125,"{'low': 0, 'high': 0, 'max': 0, 'oom': 0, 'oom_kill': 0, 'oom_group_kill': 0}",0,0,0,healthy,True,1
crypto-momentum-lab-live-strategy-account-4-1,3.7791567571903943,24.42094371209605,183.109375,183.12890625,183.3671875,179.9765625,179.9921875,183.50390625,512.0,0.0,0.0,"{'low': 0, 'high': 0, 'max': 0, 'oom': 0, 'oom_kill': 0, 'oom_group_kill': 0}",0,1,1,healthy,True,1
crypto-momentum-lab-live-strategy-account-3-1,3.669437253168386,24.910817435439736,198.71484375,198.72265625,198.7421875,195.58984375,195.58984375,200.984375,512.0,0.0,0.0,"{'low': 0, 'high': 0, 'max': 0, 'oom': 0, 'oom_kill': 0, 'oom_group_kill': 0}",0,1,1,healthy,True,1
crypto-momentum-lab-dashboard-1,2.57733753612119,12.101741405310136,94.76171875,94.2734375,107.91796875,87.81640625,89.27734375,113.61328125,192.0,58.75390625,0.0,"{'low': 0, 'high': 0, 'max': 0, 'oom': 0, 'oom_kill': 0, 'oom_group_kill': 0}",0,0,0,healthy,True,1
crypto-momentum-lab-research-collector-1,0.7831806034432331,6.685952055501369,119.90625,128.46484375,128.46484375,115.546875,115.5625,139.3359375,192.0,1.58984375,0.01953125,"{'low': 0, 'high': 0, 'max': 0, 'oom': 0, 'oom_kill': 0, 'oom_group_kill': 0}",0,0,0,healthy,True,1
crypto-momentum-lab-execution-account-live-1,0.5151492563505607,12.777918900048334,92.3671875,89.12890625,94.4296875,89.60546875,86.61328125,94.453125,160.0,5.0390625,3.0546875,"{'low': 0, 'high': 0, 'max': 0, 'oom': 0, 'oom_kill': 0, 'oom_group_kill': 0}",0,0,0,healthy,True,1
crypto-momentum-lab-execution-account-live-account-2-1,0.5106291981221159,13.591780012547195,92.703125,89.30078125,92.703125,89.3671875,86.6015625,93.140625,160.0,5.39453125,3.0703125,"{'low': 0, 'high': 0, 'max': 0, 'oom': 0, 'oom_kill': 0, 'oom_group_kill': 0}",0,0,0,healthy,True,1
crypto-momentum-lab-execution-account-live-account-4-1,0.48208422400235323,6.55069363529436,91.578125,88.11328125,92.05859375,88.45703125,85.74609375,92.078125,160.0,5.48828125,2.69921875,"{'low': 0, 'high': 0, 'max': 0, 'oom': 0, 'oom_kill': 0, 'oom_group_kill': 0}",0,0,0,healthy,True,1
crypto-momentum-lab-execution-account-live-account-3-1,0.4459949559860479,11.723732206647492,95.546875,93.8984375,97.2578125,93.0234375,90.78515625,97.36328125,160.0,3.73046875,2.23828125,"{'low': 0, 'high': 0, 'max': 0, 'oom': 0, 'oom_kill': 0, 'oom_group_kill': 0}",0,0,0,healthy,True,1
